{
  "strict": {
    "text-font-family": "OpenSans-Regular",
    "text-heading-1-font-size": 36,
    "text-heading-1-font-weight": "800",
    "text-heading-1-font-family": "OpenSans-Bold",
    "text-subtitle-1-font-size": 15,
    "text-subtitle-1-font-weight": "600",
    "text-subtitle-1-font-family": "OpenSans-SemiBold",
    "text-paragraph-1-font-size": 15,
    "text-paragraph-1-font-weight": "400",
    "text-paragraph-1-font-family": "OpenSans-Regular",
    "text-caption-1-font-size": 12,
    "text-caption-1-font-weight": "400",
    "text-caption-1-font-family": "OpenSans-Regular",
    "text-label-font-size": 12,
    "text-label-font-weight": "800",
    "text-label-font-family": "OpenSans-Bold"
  }
}
